{
  "HTTP Request-3" : {
    "transaction" : "HTTP Request-3",
    "sampleCount" : 9,
    "errorCount" : 0,
    "errorPct" : 0.0,
    "meanResTime" : 96.88888888888889,
    "medianResTime" : 95.0,
    "minResTime" : 91.0,
    "maxResTime" : 109.0,
    "pct1ResTime" : 109.0,
    "pct2ResTime" : 109.0,
    "pct3ResTime" : 109.0,
    "throughput" : 1.687289088863892,
    "receivedKBytesPerSec" : 3.399660491657293,
    "sentKBytesPerSec" : 0.5800056242969629
  },
  "HTTP Request-2" : {
    "transaction" : "HTTP Request-2",
    "sampleCount" : 9,
    "errorCount" : 0,
    "errorPct" : 0.0,
    "meanResTime" : 241.11111111111111,
    "medianResTime" : 292.0,
    "minResTime" : 82.0,
    "maxResTime" : 312.0,
    "pct1ResTime" : 312.0,
    "pct2ResTime" : 312.0,
    "pct3ResTime" : 312.0,
    "throughput" : 1.643535427319211,
    "receivedKBytesPerSec" : 2.6498798735390796,
    "sentKBytesPerSec" : 0.42372397735573414
  },
  "HTTP Request-4" : {
    "transaction" : "HTTP Request-4",
    "sampleCount" : 9,
    "errorCount" : 0,
    "errorPct" : 0.0,
    "meanResTime" : 2904.8888888888887,
    "medianResTime" : 3302.0,
    "minResTime" : 605.0,
    "maxResTime" : 4442.0,
    "pct1ResTime" : 4442.0,
    "pct2ResTime" : 4442.0,
    "pct3ResTime" : 4442.0,
    "throughput" : 1.540041067761807,
    "receivedKBytesPerSec" : 943.3551973712354,
    "sentKBytesPerSec" : 0.6995021603353867
  },
  "HTTP Request-1" : {
    "transaction" : "HTTP Request-1",
    "sampleCount" : 9,
    "errorCount" : 0,
    "errorPct" : 0.0,
    "meanResTime" : 1048.2222222222222,
    "medianResTime" : 1102.0,
    "minResTime" : 378.0,
    "maxResTime" : 1382.0,
    "pct1ResTime" : 1382.0,
    "pct2ResTime" : 1382.0,
    "pct3ResTime" : 1382.0,
    "throughput" : 1.3290017720023626,
    "receivedKBytesPerSec" : 1.6249123227997637,
    "sentKBytesPerSec" : 0.16742307479326637
  },
  "Total" : {
    "transaction" : "Total",
    "sampleCount" : 54,
    "errorCount" : 0,
    "errorPct" : 0.0,
    "meanResTime" : 1455.4444444444441,
    "medianResTime" : 345.0,
    "minResTime" : 50.0,
    "maxResTime" : 5692.0,
    "pct1ResTime" : 4917.0,
    "pct2ResTime" : 5381.5,
    "pct3ResTime" : 5692.0,
    "throughput" : 7.03125,
    "receivedKBytesPerSec" : 1448.424784342448,
    "sentKBytesPerSec" : 3.030649820963542
  },
  "HTTP Request-0" : {
    "transaction" : "HTTP Request-0",
    "sampleCount" : 9,
    "errorCount" : 0,
    "errorPct" : 0.0,
    "meanResTime" : 72.44444444444444,
    "medianResTime" : 57.0,
    "minResTime" : 50.0,
    "maxResTime" : 122.0,
    "pct1ResTime" : 122.0,
    "pct2ResTime" : 122.0,
    "pct3ResTime" : 122.0,
    "throughput" : 1.4995001666111296,
    "receivedKBytesPerSec" : 0.8888638682939021,
    "sentKBytesPerSec" : 0.16693654198600466
  },
  "HTTP Request" : {
    "transaction" : "HTTP Request",
    "sampleCount" : 9,
    "errorCount" : 0,
    "errorPct" : 0.0,
    "meanResTime" : 4369.111111111111,
    "medianResTime" : 4939.0,
    "minResTime" : 1649.0,
    "maxResTime" : 5692.0,
    "pct1ResTime" : 5692.0,
    "pct2ResTime" : 5692.0,
    "pct3ResTime" : 5692.0,
    "throughput" : 1.171875,
    "receivedKBytesPerSec" : 724.212392171224,
    "sentKBytesPerSec" : 1.515324910481771
  }
}